<?xml version="1.0" encoding="UTF-8" ?>
<!DOCTYPE mapper
  PUBLIC "-//mybatis.org//DTD Mapper 3.0//EN"
  "http://mybatis.org/dtd/mybatis-3-mapper.dtd">

<mapper namespace="com.atguigu.atcrowdfunding.manager.dao.TestDao">

	<insert id="insert">
        insert into t_student (
            name
        ) values (
            #{name}
        )
    </insert>

    <!--
    <select id="queryRolePermissionByUser" resultType="permission">
        select * from t_permission
        where id in (
	        select
	            rp.permissionid
	        from t_role_permission rp
	        join t_user_role ur on ur.roleid = rp.roleid and ur.userid = #{id}
        ) and id != pid
        order by seqno
    </select>

    
    <insert id="insertUser">
        insert into t_user (
            name,userpswd,sex,email,loginacct
        ) values (
            #{name},#{userpswd},#{sex},#{email},#{loginacct}
        )
        <selectKey keyProperty="id" resultType="int">
            select @@identity as id
        </selectKey>
    </insert>
    
    <update id="updateUser">
        update t_user
        set name = #{name}, sex = #{sex}, email = #{email}, loginacct = #{loginacct}
        where id = #{id}
    </update>
    <delete id="deleteUserRole">
        delete from t_user_role where userid = #{userid} and roleid = #{roleid}
    </delete>
    -->
</mapper>