<?xml version="1.0" encoding="UTF-8" ?>
<!DOCTYPE mapper PUBLIC "-//mybatis.org//DTD Mapper 3.0//EN" "http://mybatis.org/dtd/mybatis-3-mapper.dtd" >
<mapper namespace="com.atguigu.atcrowdfunding.manager.dao.ParamMapper" >
  <resultMap id="BaseResultMap" type="com.atguigu.atcrowdfunding.bean.Param" >
    <id column="id" property="id" jdbcType="INTEGER" />
    <result column="name" property="name" jdbcType="VARCHAR" />
    <result column="code" property="code" jdbcType="VARCHAR" />
    <result column="val" property="val" jdbcType="VARCHAR" />
  </resultMap>
  <delete id="deleteByPrimaryKey" parameterType="java.lang.Integer" >
    delete from t_param
    where id = #{id,jdbcType=INTEGER}
  </delete>
  <insert id="insert" parameterType="com.atguigu.atcrowdfunding.bean.Param" >
    insert into t_param (id, name, code, 
      val)
    values (#{id,jdbcType=INTEGER}, #{name,jdbcType=VARCHAR}, #{code,jdbcType=VARCHAR}, 
      #{val,jdbcType=VARCHAR})
  </insert>
  <update id="updateByPrimaryKey" parameterType="com.atguigu.atcrowdfunding.bean.Param" >
    update t_param
    set name = #{name,jdbcType=VARCHAR},
      code = #{code,jdbcType=VARCHAR},
      val = #{val,jdbcType=VARCHAR}
    where id = #{id,jdbcType=INTEGER}
  </update>
  <select id="selectByPrimaryKey" resultMap="BaseResultMap" parameterType="java.lang.Integer" >
    select id, name, code, val
    from t_param
    where id = #{id,jdbcType=INTEGER}
  </select>
  <select id="selectAll" resultMap="BaseResultMap" >
    select id, name, code, val
    from t_param
  </select>
</mapper>