<?xml version="1.0" encoding="UTF-8" ?>
<!DOCTYPE mapper PUBLIC "-//mybatis.org//DTD Mapper 3.0//EN" "http://mybatis.org/dtd/mybatis-3-mapper.dtd" >
<mapper namespace="com.atguigu.atcrowdfunding.manager.dao.ProjectTypeMapper" >
  <resultMap id="BaseResultMap" type="com.atguigu.atcrowdfunding.bean.ProjectType" >
    <id column="id" property="id" jdbcType="INTEGER" />
    <result column="projectid" property="projectid" jdbcType="INTEGER" />
    <result column="typeid" property="typeid" jdbcType="INTEGER" />
  </resultMap>
  <delete id="deleteByPrimaryKey" parameterType="java.lang.Integer" >
    delete from t_project_type
    where id = #{id,jdbcType=INTEGER}
  </delete>
  <insert id="insert" parameterType="com.atguigu.atcrowdfunding.bean.ProjectType" >
    insert into t_project_type (id, projectid, typeid
      )
    values (#{id,jdbcType=INTEGER}, #{projectid,jdbcType=INTEGER}, #{typeid,jdbcType=INTEGER}
      )
  </insert>
  <update id="updateByPrimaryKey" parameterType="com.atguigu.atcrowdfunding.bean.ProjectType" >
    update t_project_type
    set projectid = #{projectid,jdbcType=INTEGER},
      typeid = #{typeid,jdbcType=INTEGER}
    where id = #{id,jdbcType=INTEGER}
  </update>
  <select id="selectByPrimaryKey" resultMap="BaseResultMap" parameterType="java.lang.Integer" >
    select id, projectid, typeid
    from t_project_type
    where id = #{id,jdbcType=INTEGER}
  </select>
  <select id="selectAll" resultMap="BaseResultMap" >
    select id, projectid, typeid
    from t_project_type
  </select>
</mapper>