<?xml version="1.0" encoding="UTF-8" ?>
<!DOCTYPE mapper PUBLIC "-//mybatis.org//DTD Mapper 3.0//EN" "http://mybatis.org/dtd/mybatis-3-mapper.dtd" >
<mapper namespace="com.atguigu.atcrowdfunding.manager.dao.UserRoleMapper" >
  <resultMap id="BaseResultMap" type="com.atguigu.atcrowdfunding.bean.UserRole" >
    <id column="id" property="id" jdbcType="INTEGER" />
    <result column="userid" property="userid" jdbcType="INTEGER" />
    <result column="roleid" property="roleid" jdbcType="INTEGER" />
  </resultMap>
  <delete id="deleteByPrimaryKey" parameterType="java.lang.Integer" >
    delete from t_user_role
    where id = #{id,jdbcType=INTEGER}
  </delete>
  <insert id="insert" parameterType="com.atguigu.atcrowdfunding.bean.UserRole" >
    insert into t_user_role (id, userid, roleid
      )
    values (#{id,jdbcType=INTEGER}, #{userid,jdbcType=INTEGER}, #{roleid,jdbcType=INTEGER}
      )
  </insert>
  <update id="updateByPrimaryKey" parameterType="com.atguigu.atcrowdfunding.bean.UserRole" >
    update t_user_role
    set userid = #{userid,jdbcType=INTEGER},
      roleid = #{roleid,jdbcType=INTEGER}
    where id = #{id,jdbcType=INTEGER}
  </update>
  <select id="selectByPrimaryKey" resultMap="BaseResultMap" parameterType="java.lang.Integer" >
    select id, userid, roleid
    from t_user_role
    where id = #{id,jdbcType=INTEGER}
  </select>
  <select id="selectAll" resultMap="BaseResultMap" >
    select id, userid, roleid
    from t_user_role
  </select>
</mapper>