<?xml version="1.0" encoding="UTF-8"?>
<beans xmlns="http://www.springframework.org/schema/beans"
	xmlns:xsi="http://www.w3.org/2001/XMLSchema-instance" xmlns:context="http://www.springframework.org/schema/context"
	xmlns:tx="http://www.springframework.org/schema/tx" xmlns:jee="http://www.springframework.org/schema/jee"
	xsi:schemaLocation="http://www.springframework.org/schema/beans http://www.springframework.org/schema/beans/spring-beans-3.1.xsd
       http://www.springframework.org/schema/context http://www.springframework.org/schema/context/spring-context-3.1.xsd
       http://www.springframework.org/schema/tx http://www.springframework.org/schema/tx/spring-tx-3.1.xsd
       http://www.springframework.org/schema/jee http://www.springframework.org/schema/jee/spring-jee-3.1.xsd">
  
    <bean id="processEngineConfiguration" class="org.activiti.spring.SpringProcessEngineConfiguration">
    	<property name="dataSource" ref="dataSource" />
    	<property name="transactionManager" ref="transactionManager" />
    	<property name="databaseSchemaUpdate" value="true" />
    	<property name="jobExecutorActivate" value="true" />
    	<property name="labelFontName" value="宋体" />
    	<property name="activityFontName" value="宋体" />
        <property name="customFormTypes">
          <list>
            <bean class="org.activiti.explorer.form.UserFormType"/>
            <bean class="org.activiti.explorer.form.ProcessDefinitionFormType"/> 
            <bean class="org.activiti.explorer.form.MonthFormType"/>   
          </list>
        </property>
    </bean>
  
    <bean id="processEngine" class="org.activiti.spring.ProcessEngineFactoryBean" destroy-method="destroy">
  	    <property name="processEngineConfiguration" ref="processEngineConfiguration" />
    </bean>

    <bean id="repositoryService" factory-bean="processEngine" factory-method="getRepositoryService" />
    <bean id="runtimeService" factory-bean="processEngine" factory-method="getRuntimeService" />
    <bean id="taskService" factory-bean="processEngine" factory-method="getTaskService" />
    <bean id="historyService" factory-bean="processEngine" factory-method="getHistoryService" />
</beans>