<?xml version="1.0" encoding="UTF-8"?>
<beans xmlns="http://www.springframework.org/schema/beans"
	xmlns:xsi="http://www.w3.org/2001/XMLSchema-instance"
	xmlns:context="http://www.springframework.org/schema/context"
	xmlns:p="http://www.springframework.org/schema/p"
	xmlns:mvc="http://www.springframework.org/schema/mvc"
	xsi:schemaLocation="http://www.springframework.org/schema/mvc http://www.springframework.org/schema/mvc/spring-mvc-4.0.xsd
		http://www.springframework.org/schema/beans http://www.springframework.org/schema/beans/spring-beans.xsd
		http://www.springframework.org/schema/context http://www.springframework.org/schema/context/spring-context-4.0.xsd">


    <context:component-scan base-package="com.atguigu.atcrowdfunding.*" use-default-filters="false">
        <context:include-filter type="annotation" expression="org.springframework.stereotype.Controller"/>
    </context:component-scan>

    <!-- 启用注解功能 -->
    <context:annotation-config />
    
    <!-- <mvc:annotation-driven /> -->
    <!-- <mvc:default-servlet-handler /> -->
    
    
    <!-- 字符串字符编码转换 -->
    <bean class="org.springframework.web.servlet.mvc.annotation.AnnotationMethodHandlerAdapter" >
        <property name="messageConverters">   
	         <list>
	             <bean class="org.springframework.http.converter.json.MappingJacksonHttpMessageConverter">   
	                <property name="supportedMediaTypes">
	                      <list>
	                      	<!--  response.setContentType("application/json;charset=UTF-8"); -->
	                          <value>application/json;charset=UTF-8</value>
	                     </list>   
	                </property>   
	             </bean>   
	         </list>   
	    </property>
    </bean>
    

	
    <bean class="org.springframework.web.servlet.view.InternalResourceViewResolver">
        <property name="viewClass" value="org.springframework.web.servlet.view.JstlView"></property>
        <property name="prefix" value="/WEB-INF/jsp/"></property>
        <property name="suffix" value=".jsp"></property>
    </bean>
    
    <bean id="exceptionResolver"   class="org.springframework.web.servlet.handler.SimpleMappingExceptionResolver"> 
    	<!-- <property name="exceptionAttribute" value="exception"/>  --><!-- 异常解析器捕获异常后,会将异常对象存放到request域.属性名称默认为:exception -->
        <property name="exceptionMappings">  
            <props>            	
                <prop key="java.lang.Exception">error/error</prop>
                <prop key="com.atguigu.atcrowdfunding.exception.LoginFailException">login</prop>
            </props>  
        </property>  
    </bean>

    <bean id="multipartResolver" class="org.springframework.web.multipart.commons.CommonsMultipartResolver" p:defaultEncoding="UTF-8">
        <property name="maxUploadSize" value="2097152"/>
        <property name="resolveLazily" value="true"/>
    </bean>
    
    
    <!-- 声明拦截器对象-->
    <mvc:interceptors>
    	<bean id="loginInterceptor" class="com.atguigu.atcrowdfunding.interceptor.LoginInterceptor"></bean>
    	<bean id="authInterceptor" class="com.atguigu.atcrowdfunding.interceptor.AuthInterceptor"></bean>
    </mvc:interceptors>
     
    
    
    
    
    
    
    
    
    
    
    
</beans>
